Q#,Question Text,Correct Answer,Unit Index,Grammar Topic,Explanation for Beginners,Explanation (VI),Explanation (ES),Explanation (ZH),Distractor 1,Distractor 2,Distractor 3
1,Most university students __________ on campus in their first year.,B (live),Unit 1,Present tenses,We use the Present Simple for facts and habits.,Chúng ta dùng thì Hiện tại đơn cho sự thật và thói quen.,Usamos el Presente Simple para hechos y hábitos.,我们使用一般现在时来表示事实和习惯。,living,lives,lived
2,From this graph we can see that the economy __________ at the moment.,C (is improving),Unit 1,Present tenses,"We use the Present Continuous for things happening now (""at the moment"").","Chúng ta dùng thì Hiện tại tiếp diễn cho những việc đang xảy ra ngay bây giờ (""at the moment"").","Usamos el Presente Continuo para cosas que están sucediendo ahora (""at the moment"").","我们使用现在进行时来表示正在发生的事情（""at the moment""）。",improves,improved,has improved
3,They __________ personal computers when my father was a student.,B (didn’t have),Unit 2,Past tenses 1,"We use ""didn't have"" because we don't usually use ""having"" to mean possession.","Chúng ta dùng ""didn't have"" vì thường không dùng ""having"" để chỉ sự sở hữu.","Usamos ""didn't have"" porque usualmente no usamos ""having"" para significar posesión.","我们使用 ""didn't have""，因为我们通常不用 ""having"" 表示拥有。",haven't,no had,not having
4,I __________ want to be a practising doctor but now I’m more interested in research.,B (used to),Unit 2,Past tenses 1,"We use ""used to"" for things that were true in the past but not now.","Chúng ta dùng ""used to"" cho những việc đã đúng trong quá khứ nhưng giờ không còn nữa.","Usamos ""used to"" para cosas que eran ciertas en el pasado pero no ahora.","我们使用 ""used to"" 来表示过去是真实的但现在已不再真实的事情。",use to,usually,using to
5,The teacher __________ us how to do the experiment when the fire bell rang.,C (was showing),Unit 2,Past tenses 1,We use Past Continuous for a longer action interrupted by a short one.,Chúng ta dùng thì Quá khứ tiếp diễn cho một hành động dài bị ngắt quãng bởi một hành động ngắn.,Usamos Pasado Continuo para una acción más larga interrumpida por una corta.,我们使用过去进行时来表示被短暂动作打断的长动作。,showed,shows,is showing
6,I finished my essay yesterday but __________ it in to the tutor yet.,B (I haven’t given),Unit 3,Present perfect,"We use ""yet"" with negative sentences to say something hasn't happened.","Chúng ta dùng ""yet"" trong câu phủ định để nói điều gì đó chưa xảy ra.","Usamos ""yet"" con oraciones negativas para decir que algo no ha sucedido.","我们在否定句中使用 ""yet"" 来表示某事尚未发生。",didn't give,don't give,not giving
7,__________ the experiment three times now with different results each time!,A (We’ve done),Unit 3,Present perfect,We use Present Perfect to say how many times something has happened.,Chúng ta dùng thì Hiện tại hoàn thành để nói việc gì đó đã xảy ra bao nhiêu lần.,Usamos el Presente Perfecto para decir cuántas veces ha sucedido algo.,我们使用现在完成时来表示某事发生的次数。,We do,We done,We doing
8,When I arrived the lecture __________ so I didn’t find it easy to follow.,B (had started),Unit 4,Past tenses 2,We use Past Perfect for the first of two past actions.,Chúng ta dùng thì Quá khứ hoàn thành cho hành động xảy ra trước trong hai hành động quá khứ.,Usamos el Pasado Perfecto para la primera de dos acciones pasadas.,我们使用过去完成时来表示两个过去动作中先发生的那个。,started,has started,was starting
9,She __________ well at school but that changed when she became friends with a different group of girls.,C (had been doing),Unit 4,Past tenses 2,We use Past Perfect Continuous to emphasize how long something happened before a past moment.,Chúng ta dùng thì Quá khứ hoàn thành tiếp diễn để nhấn mạnh khoảng thời gian một việc xảy ra trước một thời điểm trong quá khứ.,Usamos el Pasado Perfecto Continuo para enfatizar cuánto tiempo sucedió algo antes de un momento pasado.,我们使用过去完成进行时来强调某事在过去某时刻之前持续了多久。,did,has done,was doing
10,__________ the doctor at 2.00 this afternoon so I can’t go to the lecture.,A (I’m seeing),Unit 5,Future 1,We use Present Continuous for fixed arrangements in the future.,Chúng ta dùng thì Hiện tại tiếp diễn cho các sự sắp xếp cố định trong tương lai.,Usamos el Presente Continuo para arreglos fijos en el futuro.,我们使用现在进行时来表示将来确定的安排。,I see,I saw,I will see
11,My sister __________ economics and politics when she goes to university.,A (is going to study),Unit 5,Future 1,"We use ""going to"" for future plans.","Chúng ta dùng ""going to"" cho các kế hoạch trong tương lai.","Usamos ""going to"" para planes futuros.","我们使用 ""going to"" 来表示未来的计划。",will study,studies,studying
12,While we’re working on the project next week our boss __________ on a beach in Greece!,C (will be sitting),Unit 6,Future 2,We use Future Continuous for actions that will be in progress at a time in the future.,Chúng ta dùng thì Tương lai tiếp diễn cho các hành động sẽ đang diễn ra tại một thời điểm trong tương lai.,Usamos el Futuro Continuo para acciones que estarán en progreso en un momento en el futuro.,我们使用将来进行时来表示将来某时刻正在进行的动作。,sits,sat,will sit
13,"If the trend continues, the average income __________ by 107% by 2030.",B (will have increased),Unit 6,Future 2,We use Future Perfect for actions that will be finished before a time in the future.,Chúng ta dùng thì Tương lai hoàn thành cho các hành động sẽ hoàn tất trước một thời điểm trong tương lai.,Usamos el Futuro Perfecto para acciones que habrán terminado antes de un momento en el futuro.,我们使用将来完成时来表示将来某时刻之前将完成的动作。,will increase,increases,has increased
14,You can base your geography assignment on __________ country – it doesn’t matter which.,C (any),Unit 7,Countable and uncountable nouns,"We use ""any"" when it does not matter which one you choose.","Chúng ta dùng ""any"" khi việc bạn chọn cái nào không quan trọng.","Usamos ""any"" cuando no importa cuál elijas.","当你选择哪一个并不重要时，我们使用 ""any""。",some,many,no
15,There aren’t __________ places left on the course so you’d better apply soon.,B (many),Unit 7,Countable and uncountable nouns,"We use ""many"" for things we can count in negative sentences.","Chúng ta dùng ""many"" cho những thứ đếm được trong câu phủ định.","Usamos ""many"" para cosas que podemos contar en oraciones negativas.","我们在否定句中将 ""many"" 用于可数名词。",much,some,little
16,I don’t know whether to accept the job offer. It’s __________ .,A (a difficult decision),Unit 8,Referring to nouns,"We use ""a"" because ""decision"" is one single thing (countable).","Chúng ta dùng ""a"" vì ""decision"" là danh từ đếm được số ít.","Usamos ""a"" porque ""decision"" es una sola cosa (contable).","我们将 ""a"" 用于 ""decision""，因为它是单数可数名词。",difficult decision,the difficult decision,difficult decisions
17,"For those of you new to the company, this leaflet is full of __________ .",C (valuable information),Unit 8,Referring to nouns,"""Information"" is uncountable, so we cannot use ""a"" or ""an"".","""Information"" là danh từ không đếm được, nên không dùng ""a"" hoặc ""an"".","""Information"" es incontable, así que no podemos usar ""a"" o ""an"".","""Information"" 是不可数名词，所以我不能使用 ""a"" 或 ""an""。",valuable informations,a valuable information,an information
18,The manager interviewed __________ candidates in turn.,A (each of the),Unit 8,Referring to nouns,"We say ""each of the"" before a plural noun.","Chúng ta dùng ""each of the"" trước một danh từ số nhiều.","Decimos ""each of the"" antes de un sustantivo plural.","我们在复数名词前使用 ""each of the""。",every,all,some
19,I know it’s not much of a present but I made it __________ .,B (myself),Unit 9,Pronouns and referencing,"We use a reflexive pronoun (like ""myself"") to emphasize who did the action.","Chúng ta dùng đại từ phản thân (như ""myself"") để nhấn mạnh người thực hiện hành động.","Usamos un pronombre reflexivo (como ""myself"") para enfatizar quién hizo la acción.","我们使用反身代词（如 ""myself""）来强调动作的执行者。",me,my,mine
20,You should visit Bath. It’s __________ city.,C (an interesting historical),Unit 10,Adjectives and adverbs,"Opinion words (like ""interesting"") come before fact words (like ""historical"").","Từ chỉ ý kiến (như ""interesting"") đứng trước từ chỉ thực tế (như ""historical"").","Las palabras de opinión (como ""interesting"") van antes de las palabras de hecho (como ""historical"").","观点形容词（如 ""interesting""）位于事实形容词（如 ""historical""）之前。",an historical interesting,a historical interesting,a interesting historical
21,The government has released some __________ data showing how schools are not providing an adequate education to our children.,A (shocking),Unit 10,Adjectives and adverbs,"We use adjectives ending in ""-ing"" to describe the thing causing the feeling.","Chúng ta dùng tính từ kết thúc bằng ""-ing"" để mô tả tác nhân gây ra cảm xúc.","Usamos adjetivos terminados en ""-ing"" para describir la cosa que causa el sentimiento.","我们使用以 ""-ing"" 结尾的形容词来描述引起这种感觉的事物。",shocked,shock,shocks
22,You really should go to Namibia. The scenery is __________ stunning and the people are very friendly.,C (absolutely),Unit 10,Adjectives and adverbs,"We use ""absolutely"" (not ""very"") with extreme adjectives like ""stunning"".","Chúng ta dùng ""absolutely"" (không dùng ""very"") với các tính từ cực cấp như ""stunning"".","Usamos ""absolutely"" (no ""very"") con adjetivos extremos como ""stunning"".","我们配合 ""absolutely""（而不是 ""very""）使用极端形容词（如 ""stunning""）。",very,too,extremely
23,This factory produces some of __________ cameras in the world.,B (the best),Unit 11,Comparing things,"We always use ""the"" before superlative adjectives (like ""best"", ""tallest"").","Chúng ta luôn dùng ""the"" trước tính từ so sánh nhất (như ""best"", ""tallest"").","Siempre usamos ""the"" antes de adjetivos superlativos (como ""best"", ""tallest"").","我们总是在最高级形容词（如 ""best"", ""tallest""）前使用 ""the""。",best,better,good
24,__________ people live in the countryside than 100 years ago.,C (Fewer),Unit 11,Comparing things,"We use ""fewer"" for things we can count (like ""people"").","Chúng ta dùng ""fewer"" cho những thứ có thể đếm được (như ""people"").","Usamos ""fewer"" para cosas que podemos contar (como ""people"").","我们将 ""fewer"" 用于可数名词（如 ""people""）。",Less,Little,Least
25,The bookshop __________ the end of the road is excellent.,A (at),Unit 12,The noun phrase,"We use ""at"" for a specific place.","Chúng ta dùng ""at"" cho một địa điểm cụ thể.","Usamos ""at"" para un lugar específico.","我们在特定地点前使用 ""at""。",in,on,to
26,There were millions of people around the world __________ the football match live on television.,B (watching),Unit 12,The noun phrase,"We use the ""-ing"" form to describe the noun actively doing something.","Chúng ta dùng dạng ""-ing"" để mô tả danh từ đang chủ động làm gì đó.","Usamos la forma ""-ing"" para describir al sustantivo haciendo algo activamente.","我们使用 ""-ing"" 形式来描述主动做某事的名词。",watch,watched,to watch
27,Scientists finally __________ find a cure for the disease after years of research.,A (managed to),Unit 13,Modals 1,"We use ""managed to"" when we succeed in doing something difficult.","Chúng ta dùng ""managed to"" khi thành công làm việc gì đó khó khăn.","Usamos ""managed to"" cuando logramos hacer algo difícil.","当我们成功做成某件困难的事时，我们使用 ""managed to""。",could,can,able to
28,She got a terrible mark in the exam so she __________ very hard at all.,B (can’t have worked),Unit 13,Modals 1,"We use ""can't have"" when we are sure something did not happen in the past.","Chúng ta dùng ""can't have"" khi chắc chắn điều gì đó đã không xảy ra trong quá khứ.","Usamos ""can't have"" cuando estamos seguros de que algo no sucedió en el pasado.","当我们确定某事在过去没有发生时，我们使用 ""can't have""。",mustn't have worked,shouldn't have worked,couldn't work
29,What __________ in order to get a permit to work in your country?,A (do I need to do),Unit 14,Modals 2,"This is the correct way to ask ""Is it necessary?"".","Đây là cách đúng để hỏi ""Có cần thiết không?"".","Esta es la forma correcta de preguntar ""¿Es necesario?"".",这是询问“有必要吗？”的正确方式。,do I must do,I need to do,must I to do
30,When you write your essays you __________ copy ideas from books without referencing them properly.,A (mustn’t),Unit 14,Modals 2,"We use ""must not"" to say something is not allowed.","Chúng ta dùng ""must not"" để nói điều gì đó không được phép.","Usamos ""must not"" para decir que algo no está permitido.","我们使用 ""must not"" 来表示某事是不允许的。",don't have to,needn't,couldn't
31,Doctors have __________ us to cut down on salt in our diets if we want to reduce the risk of getting heart disease.,C (advised),Unit 15,Reported speech,"After ""advise"", we use a person + ""to do"".","Sau ""advise"", chúng ta dùng một người + ""to do"".","Después de ""advise"", usamos una persona + ""to do"".","在 ""advise"" 之后，我们接某人 + ""to do""。",suggested,proposed,recommended
32,"__________ this newspaper report, more women smoke than men nowadays.",B (According to),Unit 15,Reported speech,"We use ""according to"" to say where information comes from.","Chúng ta dùng ""according to"" để nói thông tin đến từ đâu.","Usamos ""according to"" para decir de dónde viene la información.","我们使用 ""according to"" 来引出信息的来源。",Regarding,Following,Referring to
33,My parents encouraged __________ this course.,A (me to do),Unit 16,Verb + verb patterns,"After ""encourage"", we use a person + ""to do"".","Sau ""encourage"", chúng ta dùng một người + ""to do"".","Después de ""encourage"", usamos una persona + ""to do"".","在 ""encourage"" 之后，我们接某人 + ""to do""。",me doing,that I do,to do
34,What will you do if __________,A (you don’t get a good IELTS score?),Unit 17,Likelihood based on conditions 1,We use the First Conditional for real possibilities in the future.,Chúng ta dùng câu điều kiện loại 1 cho những khả năng có thực trong tương lai.,Usamos el Primer Condicional para posibilidades reales en el futuro.,我们使用第一条件句来表示将来可能发生的情况。,you shouldn't get a good IELTS score?,you won't get a good IELTS score?,you aren't getting a good IELTS score?
35,"A recent government report has warned that __________ we act immediately to reduce pollution, there will be serious consequences for the planet.",C (unless),Unit 17,Likelihood based on conditions 1,"""Unless"" means the same as ""if not"".","""Unless"" có nghĩa tương đương với ""if not"" (trừ khi).","""Unless"" significa lo mismo que ""if not"".","""Unless"" 的意思与 ""if not"" 相同。",if,when,provided
36,"If I didn’t have to work tonight, __________",A (I’d be able to relax now.),Unit 18,Likelihood based on conditions 2,We use the Second Conditional for imaginary situations.,Chúng ta dùng câu điều kiện loại 2 cho các tình huống tưởng tượng.,Usamos el Segundo Condicional para situaciones imaginarias.,我们使用第二条件句来表示想象的情况。,I'll be able to relax now.,I can relax now.,I will relax now.
37,I wish that man __________ tapping his fingers on the table. It’s really annoying me.,C (would stop),Unit 18,Likelihood based on conditions 2,"We use ""wish... would"" for annoying habits we want to change.","Chúng ta dùng ""wish... would"" cho những thói quen khó chịu mà ta muốn thay đổi.","Usamos ""wish... would"" para hábitos molestos que queremos cambiar.","我们使用 ""wish... would"" 来表示想要改变的恼人习惯。",stops,will stop,has stopped
38,I’m aiming __________ a band 7 in IELTS.,B (for),Unit 19,Prepositions,"We say ""aim for"" a goal.","Chúng ta nói ""aim for"" một mục tiêu.","Decimos ""aim for"" una meta.","我们用 ""aim for"" 表示设定目标。",to,at,on
39,Do you have any knowledge __________ how our education system works?,A (of),Unit 19,Prepositions,"We say ""knowledge of"" a subject.","Chúng ta nói ""knowledge of"" một chủ đề.","Decimos ""knowledge of"" un tema.","我们用 ""knowledge of"" 表示对某学科的了解。",about,in,for
40,The minister __________ is responsible for education has just resigned.,B (who),Unit 20,Relative clauses,"We use ""who"" for people.","Chúng ta dùng ""who"" cho người.","Usamos ""who"" para personas.","我们用 ""who"" 指代人。",which,whom,where
41,The University of St Andrews __________ is the oldest university in Scotland.,"B (, which was founded in 1413,)",Unit 20,Relative clauses,We use commas for extra information that isn't essential.,Chúng ta dùng dấu phẩy cho những thông tin thêm không thiết yếu.,Usamos comas para información extra que no es esencial.,我们使用逗号来分隔非必要的额外信息。,", that was founded in 1413,","that was founded in 1413,",which was founded in 1413
42,Many children these days do not have a healthy diet. __________ is possible that this is because less healthy foods are cheaper than healthy ones.,C (It),Unit 21,Ways of organising texts,"We use ""It"" to start sentences like this.","Chúng ta dùng ""It"" để bắt đầu những câu như thế này.","Usamos ""It"" para comenzar oraciones como esta.","我们使用 ""It"" 作为这类句子的主语。",There,This,That
43,The charity is trying to find ways to save and __________ the world’s endangered animal species.,C (protect),Unit 21,Ways of organising texts,"We can remove words like ""to"" to avoid repeating them.","Chúng ta có thể lược bỏ những từ như ""to"" để tránh lặp lại.","Podemos eliminar palabras como ""to"" para evitar repetirlas.","我们可以省略像 ""to"" 这样的词以避免重复。",to protect,protecting,protection
44,"In the past we threw a lot of our kitchen waste away, but today many items such as plastic bottles and newspapers __________ .",A (are recycled),Unit 22,The passive,We use the Passive Voice when the action is more important than who did it.,Chúng ta dùng câu Bị động khi hành động quan trọng hơn người thực hiện.,Usamos la Voz Pasiva cuando la acción es más importante que quién la hizo.,当动作比动作的执行者更重要时，我们使用被动语态。,recycle,recycled,are recycling
45,I can’t pick you up from the station on Wednesday because __________ on that day.,A (I’m having my car fixed),Unit 22,The passive,We say "have something done" when someone else does a service for us.,Chúng ta nói "have something done" khi ai đó làm dịch vụ gì đó cho mình.,Decimos "have something done" cuando alguien más nos hace un servicio.,"我们说 ""have something done"" 当别人为我们提供服务时。",I fixing my car,my car is fixing,I fix my car
46,"These drugs are the best medicine available as a treatment at the moment, __________ they are expensive, unfortunately.",A (although),Unit 23,Linking ideas,We use this word to show a contrast or difference.,Chúng ta dùng từ này để thể hiện sự đối lập hoặc khác biệt.,Usamos esta palabra para mostrar un contraste o diferencia.,我们使用这个词来表示对比或差异。,however,despite,because
47,Learning a foreign language is important because it helps you to understand other cultures better. __________ it can be a useful skill in many areas of work.,"C (In addition,)",Unit 23,Linking ideas,We use this word to add similar information.,Chúng ta dùng từ này để thêm thông tin tương tự.,Usamos esta palabra para agregar thông tin tương tự.,我们使用这个词来添加类似的信息.,"However,","Therefore,","For example,"
48,__________ I can’t go to the conference as I’ve got to go to Sydney on business.,B (Unfortunately),Unit 24,Showing your position in a text,We use this word to introduce bad news.,Chúng ta dùng từ này để thông báo tin xấu.,Usamos esta palabra para introducir malas noticias.,我们使用这个词来引出坏消息。,Although,Despite,However
49,__________ I think it’s useful to write an outline of your essay before you start to write the first draft.,"C (Personally,)",Unit 24,Showing your position in a text,We use this word to give our personal opinion.,Chúng ta dùng từ này để đưa ra ý kiến cá nhân.,Usamos esta palabra para dar nuestra opinión personal.,我们使用这个词来表达个人观点。,"Frankly,","Ideally,","Especially,"
50,The __________ of dark red spots is one of the first signs of the disease.,A (appearance),Unit 25,Nominalisation in written English,"We need a noun (a thing word) after ""The"".","Chúng ta cần một danh từ (từ chỉ sự vật) sau ""The"".","Necesitamos un sustantivo (una palabra de cosa) después de ""The"".","我们在 ""The"" 之后需要一个名词。",appear,appearing,appears
51,Nurses usually __________ long hours in the hospital.,A (work),Unit 1,Present tenses,We use the Present Simple for facts and habits.,Chúng ta dùng thì Hiện tại đơn cho sự thật và thói quen.,Usamos el Presente Simple para hechos y hábitos.,我们使用一般现在时来表示事实和习惯。,working,works,are working
52,My brother __________ for a technology company in Dublin.,B (works),Unit 1,Present tenses,We use the Present Simple for facts and habits.,Chúng ta dùng thì Hiện tại đơn cho sự thật và thói quen.,Usamos el Presente Simple para hechos y hábitos.,我们使用一般现在时来表示事实和习惯。,working,work,is working
53,"In this region, it rarely __________ during the summer months.",B (rains),Unit 1,Present tenses,We use the Present Simple for facts and habits.,Chúng ta dùng thì Hiện tại đơn cho sự thật và thói quen.,Usamos el Presente Simple para hechos y hábitos.,我们使用一般现在时来表示事实和习惯。,raining,rain,is raining
54,The population of the city __________ rapidly this year.,C (is increasing),Unit 1,Present tenses,"We use Present Continuous for changes happening around now (""this year"").","Chúng ta dùng thì Hiện tại tiếp diễn cho những thay đổi đang xảy ra gần đây (""this year"").","Usamos el Presente Continuo para cambios que ocurren alrededor de ahora (""this year"").","我们使用现在进行时来表示近期发生的变化（""this year""）。",increases,increased,increase
55,"I can’t talk right now, I __________ dinner for the guests.",C (am cooking),Unit 1,Present tenses,We use Present Continuous for actions happening exactly now.,Chúng ta dùng thì Hiện tại tiếp diễn cho các hành động đang xảy ra chính xác vào lúc này.,Usamos el Presente Continuo para acciones que ocurren exactamente ahora.,我们使用现在进行时来表示此时此刻正在发生的动作。,cook,cooked,cooks
56,Listen! Someone __________ the piano upstairs.,C (is playing),Unit 1,Present tenses,We use Present Continuous for actions happening exactly now.,Chúng ta dùng thì Hiện tại tiếp diễn cho các hành động đang xảy ra chính xác vào lúc này.,Usamos el Presente Continuo para acciones que ocurren exactamente ahora.,我们使用现在进行时来表示此时此刻正在发生的动作。,plays,play,played
57,She __________ a car when she lived in the city center.,A (didn’t have),Unit 2,Past tenses 1,"We use ""didn't have"" for the past of ""have"".","Chúng ta dùng ""didn't have"" cho quá khứ của ""have"".","Usamos ""didn't have"" para el pasado de ""have"".","因为 ""had"" 是过去式，它的否定形式是 ""didn't have""。",no had,not have,haven't
58,We __________ any problems with the reservation last night.,A (didn’t have),Unit 2,Past tenses 1,"We use ""didn't have"" for the past of ""have"".","Chúng ta dùng ""didn't have"" cho quá khứ của ""have"".","Usamos ""didn't have"" para el pasado de ""have"".","因为 ""had"" 是过去式，它的否定形式是 ""didn't have""。",hadn't,no had,not have
59,He __________ time to finish the exam yesterday.,A (didn’t have),Unit 2,Past tenses 1,"We use ""didn't have"" for the past of ""have"".","Chúng ta dùng ""didn't have"" cho quá khứ của ""have"".","Usamos ""didn't have"" para el pasado de ""have"".","因为 ""had"" 是过去式，它的否定形式是 ""didn't have""。",hadn't,no have,haven't
60,She __________ live in Paris before she moved to London.,A (used to),Unit 2,Past tenses 1,"We use ""used to"" for past situations that are finished.","Chúng ta dùng ""used to"" cho các tình huống trong quá khứ đã kết thúc.","Usamos ""used to"" para situaciones pasadas que han terminado.","我们使用 ""used to"" 来表示已经结束的过去情况。",use to,usually,using
61,"I __________ think that coffee was bad for you, but now I drink it every day.",A (used to),Unit 2,Past tenses 1,"We use ""used to"" for things that were true in the past but not now.","Chúng ta dùng ""used to"" cho những việc đã đúng trong quá khứ nhưng giờ không còn nữa.","Usamos ""used to"" para cosas que eran ciertas en el pasado pero no ahora.","我们使用 ""used to"" 来表示过去是真实的但现在已不再真实的事情。",use to,usually,get used to
62,We __________ have a big garden when we were children.,A (used to),Unit 2,Past tenses 1,"We use ""used to"" for things we had in the past but not now.","Chúng ta dùng ""used to"" cho những thứ chúng ta có trong quá khứ nhưng giờ không còn.","Usamos ""used to"" para cosas que teníamos en el pasado pero no ahora.","我们使用 ""used to"" 来表示过去拥有但现在不再拥有的东西。",use to,usually,using
63,I __________ a book when the lights suddenly went out.,B (was reading),Unit 2,Past tenses 1,We use Past Continuous for a longer action interrupted by a short one.,Chúng ta dùng thì Quá khứ tiếp diễn cho một hành động dài bị ngắt quãng bởi một hành động ngắn.,Usamos Pasado Continuo para una acción más larga interrumpida por una corta.,我们使用过去进行时来表示被短暂动作打断的长动作。,read,am reading,have read
64,They __________ dinner when the guests arrived.,B (were having),Unit 2,Past tenses 1,We use Past Continuous for a longer action interrupted by a short one.,Chúng ta dùng thì Quá khứ tiếp diễn cho một hành động dài bị ngắt quãng bởi một hành động ngắn.,Usamos Pasado Continuo para una acción más larga interrumpida por una corta.,我们使用过去进行时来表示被短暂动作打断的长动作。,had,are having,have
65,He __________ to work when he saw the accident.,B (was driving),Unit 2,Past tenses 1,We use Past Continuous for a longer action interrupted by a short one.,Chúng ta dùng thì Quá khứ tiếp diễn cho một hành động dài bị ngắt quãng bởi một hành động ngắn.,Usamos Pasado Continuo para una acción más larga interrumpida por una corta.,我们使用过去进行时来表示被短暂动作打断的长动作。,drove,drives,is driving
66,I bought the ingredients but I __________ the cake yet.,B (haven’t baked),Unit 3,Present perfect,"We use ""yet"" with ""have/has not"" to talk about something expected.","Chúng ta dùng ""yet"" với ""have/has not"" để nói về điều gì đó được mong đợi.","Usamos ""yet"" con ""have/has not"" para hablar de algo esperado.","我们配合 ""have/has not"" 使用 ""yet"" 来谈论预期的事情。",didn't bake,don't bake,not baked
67,She wrote the email but she __________ it yet.,B (hasn’t sent),Unit 3,Present perfect,"We use ""yet"" with ""have/has not"" to talk about something expected.","Chúng ta dùng ""yet"" với ""have/has not"" để nói về điều gì đó được mong đợi.","Usamos ""yet"" con ""have/has not"" para hablar de algo esperado.","我们配合 ""have/has not"" 使用 ""yet"" 来谈论预期的事情。",didn't send,don't send,not sent
68,We prepared the presentation but we __________ it to the manager yet.,B (haven’t shown),Unit 3,Present perfect,"We use ""yet"" with ""have/has not"" to talk about something expected.","Chúng ta dùng ""yet"" với ""have/has not"" để nói về điều gì đó được mong đợi.","Usamos ""yet"" con ""have/has not"" para hablar de algo esperado.","我们配合 ""have/has not"" 使用 ""yet"" 来谈论预期的事情。",didn't show,don't show,not showed
69,I __________ this movie four times already.,B (have seen),Unit 3,Present perfect,We use Present Perfect to say how many times something has happened.,Chúng ta dùng thì Hiện tại hoàn thành để nói việc gì đó đã xảy ra bao nhiêu lần.,Usamos el Presente Perfecto para decir cuántas veces ha sucedido algo.,我们使用现在完成时来表示某事发生的次数。,saw,see,seeing
70,She __________ five books this year.,B (has written),Unit 3,Present perfect,"We use Present Perfect for actions in an unfinished time period (like ""today"" or ""this year"").","Chúng ta dùng thì Hiện tại hoàn thành cho các hành động trong khoảng thời gian chưa kết thúc (như ""today"" hay ""this year"").","Usamos el Presente Perfecto para acciones en un período de tiempo no terminado (como ""today"" o ""this year"").","我们使用现在完成时来表示在未结束的时间段内（如 ""today"" 或 ""this year""）发生的动作。",wrote,writes,writing
71,They __________ to Japan twice.,C (have been),Unit 3,Present perfect,"""Have been"" means someone went somewhere and came back.","""Have been"" có nghĩa là ai đó đã đi đâu đó và đã trở về.","""Have been"" significa que alguien fue a algún lugar y regresó.","""Have been"" 意味着某人去了某地并已经回来了。",have gone,went,go
72,"When we got to the station, the train __________.",B (had left),Unit 4,Past tenses 2,We use Past Perfect for the first of two past actions.,Chúng ta dùng thì Quá khứ hoàn thành cho hành động xảy ra trước trong hai hành động quá khứ.,Usamos el Pasado Perfecto para la primera de dos acciones pasadas.,我们使用过去完成时来表示两个过去动作中先发生的那个。,left,has left,was leaving
73,"By the time I finished my work, everyone else __________ home.",B (had gone),Unit 4,Past tenses 2,We use Past Perfect for the first of two past actions.,Chúng ta dùng thì Quá khứ hoàn thành cho hành động xảy ra trước trong hai hành động quá khứ.,Usamos el Pasado Perfecto para la primera de dos acciones pasadas.,我们使用过去完成时来表示两个过去动作中先发生的那个。,went,has gone,was going
74,She realized she __________ her phone at home when she reached the office.,B (had left),Unit 4,Past tenses 2,We use Past Perfect for the first of two past actions.,Chúng ta dùng thì Quá khứ hoàn thành cho hành động xảy ra trước trong hai hành động quá khứ.,Usamos el Pasado Perfecto para la primera de dos acciones pasadas.,我们使用过去完成时来表示两个过去动作中先发生的那个。,left,has left,leaves
75,He __________ for the company for ten years when he decided to resign.,C (had been working),Unit 4,Past tenses 2,We use Past Perfect Continuous to emphasize how long something happened before a past moment.,Chúng ta dùng thì Quá khứ hoàn thành tiếp diễn để nhấn mạnh khoảng thời gian một việc xảy ra trước một thời điểm trong quá khứ.,Usamos el Pasado Perfecto Continuo para enfatizar cuánto tiempo sucedió algo antes de un momento pasado.,我们使用过去完成进行时来强调某事在过去某时刻之前持续了多久。,worked,has worked,was working
76,They __________ tennis for an hour when it started to rain.,C (had been playing),Unit 4,Past tenses 2,We use Past Perfect Continuous to emphasize how long something happened before a past moment.,Chúng ta dùng thì Quá khứ hoàn thành tiếp diễn để nhấn mạnh khoảng thời gian một việc xảy ra trước một thời điểm trong quá khứ.,Usamos el Pasado Perfecto Continuo para enfatizar cuánto tiempo sucedió algo antes de un momento pasado.,我们使用过去完成进行时来强调某事在过去某时刻之前持续了多久。,played,have played,were playing
77,I __________ for the bus for 20 minutes before it finally arrived.,C (had been waiting),Unit 4,Past tenses 2,We use Past Perfect Continuous to emphasize how long something happened before a past moment.,Chúng ta dùng thì Quá khứ hoàn thành tiếp diễn để nhấn mạnh khoảng thời gian một việc xảy ra trước một thời điểm trong quá khứ.,Usamos el Pasado Perfecto Continuo para enfatizar cuánto tiempo sucedió algo antes de un momento pasado.,我们使用过去完成进行时来强调某事在过去某时刻之前持续了多久。,waited,have waited,am waiting
78,I __________ my manager tomorrow morning to discuss my promotion.,B (am meeting),Unit 5,Future 1,We use Present Continuous for fixed arrangements in the future.,Chúng ta dùng thì Hiện tại tiếp diễn cho các sự sắp xếp cố định trong tương lai.,Usamos el Presente Continuo para arreglos fijos en el futuro.,我们使用现在进行时来表示将来确定的安排。,meet,met,will meet
79,We __________ a party this Saturday so we are busy cleaning.,B (are having),Unit 5,Future 1,We use Present Continuous for fixed arrangements in the future.,Chúng ta dùng thì Hiện tại tiếp diễn cho các sự sắp xếp cố định trong tương lai.,Usamos el Presente Continuo para arreglos fijos en el futuro.,我们使用现在进行时来表示将来确定的安排。,have,will have,had
80,She __________ to New York next week on business.,A (is flying),Unit 5,Future 1,We use Present Continuous for fixed arrangements in the future.,Chúng ta dùng thì Hiện tại tiếp diễn cho các sự sắp xếp cố định trong tương lai.,Usamos el Presente Continuo para arreglos fijos en el futuro.,我们使用现在进行时来表示将来确定的安排。,flies,flew,flown
81,I __________ a new laptop next month.,A (am going to buy),Unit 5,Future 1,"We use ""going to"" for future plans.","Chúng ta dùng ""going to"" cho các kế hoạch trong tương lai.","Usamos ""going to"" para planes futuros.","我们使用 ""going to"" 来表示未来的计划。",will buy,buy,buying
82,They __________ their grandparents this weekend.,A (are going to visit),Unit 5,Future 1,"We use ""going to"" for future plans.","Chúng ta dùng ""going to"" cho các kế hoạch trong tương lai.","Usamos ""going to"" para planes futuros.","我们使用 ""going to"" 来表示未来的计划。",will visit,visit,visiting
83,She __________ medicine when she graduates.,A (is going to study),Unit 5,Future 1,"We use ""going to"" for future plans.","Chúng ta dùng ""going to"" cho các kế hoạch trong tương lai.","Usamos ""going to"" para planes futuros.","我们使用 ""going to"" 来表示未来的计划。",will study,studies,studied
84,"At this time tomorrow, I __________ to Paris.",B (will be flying),Unit 6,Future 2,We use Future Continuous for actions that will be in progress at a time in the future.,Chúng ta dùng thì Tương lai tiếp diễn cho các hành động sẽ đang diễn ra tại một thời điểm trong tương lai.,Usamos el Futuro Continuo para acciones que estarán en progreso en un momento en el futuro.,我们使用将来进行时来表示将来某时刻正在进行的动作。,will fly,fly,flying
85,"Don't call me at 8pm, I __________ my favorite show.",B (will be watching),Unit 6,Future 2,We use Future Continuous for actions that will be in progress at a time in the future.,Chúng ta dùng thì Tương lai tiếp diễn cho các hành động sẽ đang diễn ra tại một thời điểm trong tương lai.,Usamos el Futuro Continuo para acciones que estarán en progreso en un momento en el futuro.,我们使用将来进行时来表示将来某时刻正在进行的动作。,will watch,watch,am watching
86,Next week they __________ on their new project.,B (will be working),Unit 6,Future 2,We use Future Continuous for actions that will be in progress at a time in the future.,Chúng ta dùng thì Tương lai tiếp diễn cho các hành động sẽ đang diễn ra tại một thời điểm trong tương lai.,Usamos el Futuro Continuo para acciones que estarán en progreso en un momento en el futuro.,我们使用将来进行时来表示将来某时刻正在进行的动作。,will work,work,have worked
87,"By next year, we __________ construction of the bridge.",B (will have finished),Unit 6,Future 2,We use Future Perfect for actions that will be finished before a time in the future.,Chúng ta dùng thì Tương lai hoàn thành cho các hành động sẽ hoàn tất trước một thời điểm trong tương lai.,Usamos el Futuro Perfecto para acciones que habrán terminado antes de un momento en el futuro.,我们使用将来完成时来表示将来某时刻之前将完成的动作。,will finish,finish,are finishing
88,I __________ this book by the time you arrive.,B (will have read),Unit 6,Future 2,We use Future Perfect for actions that will be finished before a time in the future.,Chúng ta dùng thì Tương lai hoàn thành cho các hành động sẽ hoàn tất trước một thời điểm trong tương lai.,Usamos el Futuro Perfecto para acciones que habrán terminado antes de un momento en el futuro.,我们使用将来完成时来表示将来某时刻之前将完成的动作。,will read,read,am reading
89,"By 2030, the population __________ by 20%.",B (will have grown),Unit 6,Future 2,We use Future Perfect for actions that will be finished before a time in the future.,Chúng ta dùng thì Tương lai hoàn thành cho các hành động sẽ hoàn tất trước một thời điểm trong tương lai.,Usamos el Futuro Perfecto para acciones que habrán terminado antes de un momento en el futuro.,我们使用将来完成时来表示将来某时刻之前将完成的动作。,will grow,grows,has grown
90,You can choose __________ seat you like.,C (any),Unit 7,Countable and uncountable nouns,"We use ""any"" when the specific one does not matter.","Chúng ta dùng ""any"" khi cái cụ thể nào không quan trọng.","Usamos ""any"" cuando el específico no importa.","当具体的那一个并不重要时，我们使用 ""any""。",some,many,no
91,"Pass me __________ pen, I just need to write this down.",A (any),Unit 7,Countable and uncountable nouns,"We use ""any"" when the specific item does not matter.","Chúng ta dùng ""any"" khi vật cụ thể nào không quan trọng.","Usamos ""any"" cuando el objeto específico no importa.","当具体的物品并不重要时，我们使用 ""any""。",some,many,no
92,She can solve __________ problem you give her.,B (any),Unit 7,Countable and uncountable nouns,"We use ""any"" to mean ""it does not matter which one"".","Chúng ta dùng ""any"" để có nghĩa là ""bất cứ cái nào"".","Usamos ""any"" para significar ""no importa cuál"".","我们使用 ""any"" 来表示“无论哪一个”。",some,many,no
93,There aren't __________ tickets available for the concert.,B (many),Unit 7,Countable and uncountable nouns,"We use ""many"" for things we can count in negative sentences.","Chúng ta dùng ""many"" cho những thứ đếm được trong câu phủ định.","Usamos ""many"" para cosas que podemos contar en oraciones negativas.","我们在否定句中将 ""many"" 用于可数名词。",much,some,little
94,We don't have __________ chairs for everyone.,B (many),Unit 7,Countable and uncountable nouns,"We use ""many"" for things we can count in negative sentences.","Chúng ta dùng ""many"" cho những thứ đếm được trong câu phủ định.","Usamos ""many"" para cosas que podemos contar en oraciones negativas.","我们在否定句中将 ""many"" 用于可数名词。",much,some,little
95,She doesn't have __________ friends in this city.,B (many),Unit 7,Countable and uncountable nouns,"We use ""many"" for things we can count in negative sentences.","Chúng ta dùng ""many"" cho những thứ đếm được trong câu phủ định.","Usamos ""many"" para cosas que podemos contar en oraciones negativas.","我们在否定句中将 ""many"" 用于可数名词。",much,some,little
96,He is __________.,A (a very good teacher),Unit 8,Referring to nouns,"We use ""a"" before a singular noun.","Chúng ta dùng ""a"" trước danh từ số ít.","Usamos ""a"" antes de un sustantivo singular.","我们在单数名词前使用 ""a""。",good teacher,the good teacher,very good teacher
97,It was __________.,B (an exciting game),Unit 8,Referring to nouns,"We use ""an"" before a vowel sound.","Chúng ta dùng ""an"" trước một nguyên âm.","Usamos ""an"" antes de un sonido vocal.","我们在元音发音前使用 ""an""。",a exciting game,exciting game,the exciting game
98,She has __________.,B (a beautiful voice),Unit 8,Referring to nouns,"We use ""a"" before a singular noun.","Chúng ta dùng ""a"" trước danh từ số ít.","Usamos ""a"" antes de un sustantivo singular.","我们在单数名词前使用 ""a""。",beautiful voice,an beautiful voice,the beautiful voice
99,He gave me __________ advice.,B (excellent),Unit 8,Referring to nouns,"""Advice"" is uncountable, so we cannot use ""a"" or ""an"".","""Advice"" là không đếm được, nên không dùng ""a"" hoặc ""an"".","""Advice"" es incontable, así que no podemos usar ""a"" o ""an"".","""Advice"" 是不可数名词，所以我不能使用 ""a"" 或 ""an""。",an advice,a advice,many advices
100,She provided __________.,B (helpful feedback),Unit 8,Referring to nouns,"""Feedback"" is uncountable, so we cannot use ""a"" or ""an"".","""Feedback"" là không đếm được, nên không dùng ""a"" hoặc ""an"".","""Feedback"" es incontable, así que no podemos usar ""a"" o ""an"".","""Feedback"" 是不可数名词，所以我不能使用 ""a"" 或 ""an""。",a helpful feedback,an helpful feedback,many feedbacks
101,We need to buy __________.,A (furniture),Unit 8,Referring to nouns,"""Furniture"" is uncountable, so we cannot use ""a"" or ""an"".","""Furniture"" là không đếm được, nên không dùng ""a"" hoặc ""an"".","""Furniture"" es incontable, así que no podemos usar ""a"" o ""an"".","""Furniture"" 是不可数名词，所以我不能使用 ""a"" 或 ""an""。",a furniture,an furniture,many furnitures
102,__________ children received a gift.,A (Each of the),Unit 8,Referring to nouns,"We say ""each of the"" before a plural noun (like ""candidates"").","Chúng ta dùng ""each of the"" trước một danh từ số nhiều (như ""candidates"").","Decimos ""each of the"" antes de un sustantivo plural (como ""candidates"").","我们在复数名词（如 ""candidates""）前使用 ""each of the""。",Every,All,Some
103,__________ employees was given a bonus.,A (Each of the),Unit 8,Referring to nouns,"We say ""each of the"" before a plural noun (like ""candidates"").","Chúng ta dùng ""each of the"" trước một danh từ số nhiều (như ""candidates"").","Decimos ""each of the"" antes de un sustantivo plural (como ""candidates"").","我们在复数名词（如 ""candidates""）前使用 ""each of the""。",Every,All,Some
104,__________ answers is correct.,A (Each of the),Unit 8,Referring to nouns,"We say ""each of the"" before a plural noun (like ""candidates"").","Chúng ta dùng ""each of the"" trước một danh từ số nhiều (như ""candidates"").","Decimos ""each of the"" antes de un sustantivo plural (como ""candidates"").","我们在复数名词（如 ""candidates""）前使用 ""each of the""。",Every,All,Some
105,He built the house __________.,A (himself),Unit 9,Pronouns and referencing,"We use a reflexive pronoun (like ""myself"") to emphasize who did the action.","Chúng ta dùng đại từ phản thân (như ""myself"") để nhấn mạnh người thực hiện hành động.","Usamos un pronombre reflexivo (como ""myself"") para enfatizar quién hizo la acción.","我们使用反身代词（如 ""myself""）来强调动作的执行者。",him,his,he
106,Did you paint this picture __________?,A (yourself),Unit 9,Pronouns and referencing,"We use a reflexive pronoun (like ""myself"") to emphasize who did the action.","Chúng ta dùng đại từ phản thân (như ""myself"") để nhấn mạnh người thực hiện hành động.","Usamos un pronombre reflexivo (como ""myself"") para enfatizar quién hizo la acción.","我们使用反身代词（如 ""myself""）来强调动作的执行者。",you,your,yours
107,The door opened __________.,A (itself),Unit 9,Pronouns and referencing,"We use a reflexive pronoun (like ""myself"") to emphasize who did the action.","Chúng ta dùng đại từ phản thân (như ""myself"") để nhấn mạnh người thực hiện hành động.","Usamos un pronombre reflexivo (como ""myself"") para enfatizar quién hizo la acción.","我们使用反身代词（如 ""myself""）来强调动作的执行者。",it,its,it's
108,She wore a __________ dress.,A (beautiful red silk),Unit 10,Adjectives and adverbs,Adjective Order: Opinion -> Color -> Material.,Trật tự tính từ: Ý kiến -> Màu sắc -> Chất liệu.,Orden de adjetivos: Opinión -> Color -> Material.,形容词顺序：观点 -> 颜色 -> 材质。,red silk beautiful,silk beautiful red,beautiful silk red
109,It was a __________ day.,A (lovely sunny),Unit 10,Adjectives and adverbs,Adjective Order: Opinion -> Fact.,Trật tự tính từ: Ý kiến -> Thực tế.,Orden de adjetivos: Opinión -> Hecho.,形容词顺序：观点 -> 事实。,sunny lovely,lovely sun,ly sunny
110,He bought a __________ car.,B (fast German),Unit 10,Adjectives and adverbs,Adjective Order: Opinion -> Origin (where it is from).,Trật tự tính từ: Ý kiến -> Nguồn gốc.,Orden de adjetivos: Opinión -> Origen.,形容词顺序：观点 -> 产地。,German fast,Germany fast,fast Germany
111,The movie was very __________.,B (boring),Unit 10,Adjectives and adverbs,"We use adjectives ending in ""-ing"" to describe the thing causing the feeling.","Chúng ta dùng tính từ kết thúc bằng ""-ing"" để mô tả tác nhân gây ra cảm xúc.","Usamos adjetivos terminados en ""-ing"" para describir la cosa que causa el sentimiento.","我们使用以 ""-ing"" 结尾的形容词来描述引起这种感觉的事物。",bored,bore,boredom
112,It was a __________ experience.,B (terrifying),Unit 10,Adjectives and adverbs,"We use adjectives ending in ""-ing"" to describe the thing causing the feeling.","Chúng ta dùng tính từ kết thúc bằng ""-ing"" để mô tả tác nhân gây ra cảm xúc.","Usamos adjetivos terminados en ""-ing"" para describir la cosa que causa el sentimiento.","我们使用以 ""-ing"" 结尾的形容词来描述引起这种感觉的事物。",terrified,terrify,terror
113,The results were __________.,A (disappointing),Unit 10,Adjectives and adverbs,"We use adjectives ending in ""-ing"" to describe the thing causing the feeling.","Chúng ta dùng tính từ kết thúc bằng ""-ing"" để mô tả tác nhân gây ra cảm xúc.","Usamos adjetivos terminados en ""-ing"" para describir la cosa que causa el sentimiento.","我们使用以 ""-ing"" 结尾的形容词来描述引起这种感觉的事物。",disappointed,disappoint,disappointment
114,The food was __________ delicious.,B (absolutely),Unit 10,Adjectives and adverbs,"We use ""absolutely"" (not ""very"") with extreme adjectives.","Chúng ta dùng ""absolutely"" (không dùng ""very"") với các tính từ cực cấp.","Usamos ""absolutely"" (no ""very"") con adjetivos extremos.","我们配合 ""absolutely""（而不是 ""very""）使用极端形容词。",very,too,extremely
115,It was __________ freezing outside.,B (absolutely),Unit 10,Adjectives and adverbs,"We use ""absolutely"" (not ""very"") with extreme adjectives.","Chúng ta dùng ""absolutely"" (không dùng ""very"") với các tính từ cực cấp.","Usamos ""absolutely"" (no ""very"") con adjetivos extremos.","我们配合 ""absolutely""（而不是 ""very""）使用极端形容词。",very,too,extremely
116,The view was __________ spectacular.,B (absolutely),Unit 10,Adjectives and adverbs,"We use ""absolutely"" (not ""very"") with extreme adjectives.","Chúng ta dùng ""absolutely"" (không dùng ""very"") với các tính từ cực cấp.","Usamos ""absolutely"" (no ""very"") con adjetivos extremos.","我们配合 ""absolutely""（而不是 ""very""）使用极端形容词。",very,too,extremely
117,This is __________ building in the city.,B (the tallest),Unit 11,Comparing things,"We always use ""the"" before superlative adjectives (like ""best"", ""tallest"").","Chúng ta luôn dùng ""the"" trước tính từ so sánh nhất (như ""best"", ""tallest"").","Siempre usamos ""the"" antes de adjetivos superlativos (como ""best"", ""tallest"").","我们总是在最高级形容词（如 ""best"", ""tallest""）前使用 ""the""。",tallest,taller,tall
118,She is __________ student in the class.,A (the most intelligent),Unit 11,Comparing things,"We always use ""the"" before superlative adjectives (like ""best"", ""tallest"").","Chúng ta luôn dùng ""the"" trước tính từ so sánh nhất (như ""best"", ""tallest"").","Siempre usamos ""the"" antes de adjetivos superlativos (como ""best"", ""tallest"").","我们总是在最高级形容词（如 ""best"", ""tallest""）前使用 ""the""。",most intelligent,more intelligent,intelligent
119,It was __________ day of my life.,B (the happiest),Unit 11,Comparing things,"We always use ""the"" before superlative adjectives (like ""best"", ""tallest"").","Chúng ta luôn dùng ""the"" trước tính từ so sánh nhất (như ""best"", ""tallest"").","Siempre usamos ""the"" antes de adjetivos superlativos (como ""best"", ""tallest"").","我们总是在最高级形容词（如 ""best"", ""tallest""）前使用 ""the""。",happiest,happier,happy
120,__________ students attended the lecture.,B (Fewer),Unit 11,Comparing things,"We use ""fewer"" for things we can count.","Chúng ta dùng ""fewer"" cho những thứ có thể đếm được.","Usamos ""fewer"" para cosas que podemos contar.","我们将 ""fewer"" 用于可数名词。",Less,Little,Least
121,We have __________ time than yesterday.,B (less),Unit 11,Comparing things,"We use ""less"" for things we cannot count (like ""time"").","Chúng ta dùng ""less"" cho những thứ không đếm được (như ""time"").","Usamos ""less"" para cosas que no podemos contar (como ""time"").","我们将 ""less"" 用于不可数名词（如 ""time""）。",fewer,few,many
122,There are __________ opportunities now.,B (fewer),Unit 11,Comparing things,"We use ""fewer"" for things we can count.","Chúng ta dùng ""fewer"" cho những thứ có thể đếm được.","Usamos ""fewer"" para cosas que podemos contar.","我们将 ""fewer"" 用于可数名词。",less,little,least
123,She is waiting __________ the bus stop.,A (at),Unit 12,The noun phrase,"We use ""at"" for a specific place or point.","Chúng ta dùng ""at"" cho một địa điểm hoặc điểm cụ thể.","Usamos ""at"" para un lugar o punto específico.","我们使用 ""at"" 来表示特定的地点或时刻。",in,on,to
124,There is a spider __________ the ceiling.,B (on),Unit 12,The noun phrase,"We use ""on"" for surfaces (like a wall or ceiling).","Chúng ta dùng ""on"" cho các bề mặt (như tường hoặc trần nhà).","Usamos ""on"" para superficies (como una pared o techo).","我们在表面（如墙壁或天花板）前使用 ""on""。",in,at,to
125,He lives __________ London.,C (in),Unit 12,The noun phrase,"We use ""in"" for cities or enclosed spaces.","Chúng ta dùng ""in"" cho thành phố hoặc không gian kín.","Usamos ""in"" para ciudades o espacios cerrados.","我们在城市或封闭空间前使用 ""in""。",at,on,to
126,The man __________ next to me is sleeping.,A (sitting),Unit 12,The noun phrase,"We use the ""-ing"" form to describe the noun actively doing something.","Chúng ta dùng dạng ""-ing"" để mô tả danh từ đang chủ động làm gì đó.","Usamos la forma ""-ing"" para describir al sustantivo haciendo algo activamente.","我们使用 ""-ing"" 形式来描述主动做某事的名词。",sat,sits,is sitting
127,The email __________ yesterday was important.,B (sent),Unit 12,The noun phrase,"We use the past participle (like ""sent"") to describe a passive action.","Chúng ta dùng quá khứ phân từ (như ""sent"") để mô tả hành động bị động.","Usamos el participio pasado (como ""sent"") para describir una acción pasiva.","我们使用过去分词（如 ""sent""）来描述被动动作。",sending,sends,send
128,Provide a list of students __________ the exam.,A (taking),Unit 12,The noun phrase,"We use the ""-ing"" form to describe the noun actively doing something.","Chúng ta dùng dạng ""-ing"" để mô tả danh từ đang chủ động làm gì đó.","Usamos la forma ""-ing"" para describir al sustantivo haciendo algo activamente.","我们使用 ""-ing"" 形式来描述主动做某事的名词。",taken,took,takes
129,We __________ reach the summit despite the storm.,B (managed to),Unit 13,Modals 1,"We use ""managed to"" for success in a difficult situation.","Chúng ta dùng ""managed to"" cho sự thành công trong tình huống khó khăn.","Usamos ""managed to"" para el éxito en una situación difícil.","我们在困难的情况下取得成功时使用 ""managed to""。",could,can,able to
130,I __________ find my keys eventually.,B (managed to),Unit 13,Modals 1,"We use ""managed to"" when someone succeeds in doing something difficult.","Chúng ta dùng ""managed to"" khi ai đó thành công làm việc gì đó khó khăn.","Usamos ""managed to"" cuando alguien logra hacer algo difícil.","当某人成功做成某件困难的事时，我们使用 ""managed to""。",could,can,able to
131,He __________ pass the test on his third attempt.,A (managed to),Unit 13,Modals 1,"We use ""managed to"" when someone succeeds in doing something difficult.","Chúng ta dùng ""managed to"" khi ai đó thành công làm việc gì đó khó khăn.","Usamos ""managed to"" cuando alguien logra hacer algo difícil.","当某人成功做成某件困难的事时，我们使用 ""managed to""。",could,can,able to
132,You are late. You __________ the bus.,B (must have missed),Unit 13,Modals 1,"We use ""must have"" when we are almost sure something happened in the past.","Chúng ta dùng ""must have"" khi gần như chắc chắn điều gì đó đã xảy ra trong quá khứ.","Usamos ""must have"" cuando estamos casi seguros de que algo sucedió en el pasado.","当我们几乎确定某事在过去发生过时，我们使用 ""must have""。",should have missed,might miss,can miss
133,The street is wet. It __________ last night.,B (must have rained),Unit 13,Modals 1,"We use ""must have"" when we are almost sure something happened in the past.","Chúng ta dùng ""must have"" khi gần như chắc chắn điều gì đó đã xảy ra trong quá khứ.","Usamos ""must have"" cuando estamos casi seguros de que algo sucedió en el pasado.","当我们几乎确定某事在过去发生过时，我们使用 ""must have""。",should have rained,might rain,can rain
134,She ignored me. She __________ me.,B (can't have seen),Unit 13,Modals 1,"We use ""can't have"" when we are sure something didn't happen.","Chúng ta dùng ""can't have"" khi chắc chắn điều gì đó đã không xảy ra.","Usamos ""can't have"" cuando estamos seguros de que algo no sucedió.","当我们确定某事没有发生时，我们使用 ""can't have""。",shouldn't see,mustn't see,couldn't see
135,What __________ to apply for the visa?,A (do I need to do),Unit 14,Modals 2,"This is the correct way to ask ""Is it necessary?"".","Đây là cách đúng để hỏi ""Có cần thiết không?"".","Esta es la forma correcta de preguntar ""¿Es necesario?"".",这是询问“有必要吗？”的正确方式。,must I to do,should I do,I need to do
136,How much __________ pay for the ticket?,B (do I have to),Unit 14,Modals 2,"This is the correct way to ask ""Is it necessary?"".","Đây là cách đúng để hỏi ""Có cần thiết không?"".","Esta es la forma correcta de preguntar ""¿Es necesario?"".",这是询问“有必要吗？”的正确方式。,must I,should I,I have to
137,When __________ submit the report?,B (do I need to),Unit 14,Modals 2,"This is the correct way to ask ""Is it necessary?"".","Đây là cách đúng để hỏi ""Có cần thiết không?"".","Esta es la forma correcta de preguntar ""¿Es necesario?"".",这是询问“有必要吗？”的正确方式。,must I,should I,I need to
138,You __________ smoke in the hospital.,B (mustn't),Unit 14,Modals 2,"We use ""must not"" to say something is not allowed.","Chúng ta dùng ""must not"" để nói điều gì đó không được phép.","Usamos ""must not"" para decir que algo no está permitido.","我们使用 ""must not"" 来表示某事是不允许的。",don't have to,needn't,couldn't
139,Members __________ enter this area.,A (mustn't),Unit 14,Modals 2,"We use ""must not"" to say something is not allowed.","Chúng ta dùng ""must not"" để nói điều gì đó không được phép.","Usamos ""must not"" para decir que algo no está permitido.","我们使用 ""must not"" 来表示某事是不允许的。",don't have to,needn't,couldn't
140,We __________ use phones during the exam.,A (mustn't),Unit 14,Modals 2,"We use ""must not"" to say something is not allowed.","Chúng ta dùng ""must not"" để nói điều gì đó không được phép.","Usamos ""must not"" para decir que algo no está permitido.","我们使用 ""must not"" 来表示某事是不允许的。",don't have to,needn't,couldn't
141,The teacher __________ the students to study hard.,C (advised),Unit 15,Reported speech,"After this verb, we use a person + ""to do"".","Sau động từ này, chúng ta dùng một người + ""to do"".","Después de este verbo, usamos una persona + ""to do"".","在这个动词之后，我们接某人 + ""to do""。",suggested,proposed,recommended
142,She __________ him to see a doctor.,A (persuaded),Unit 15,Reported speech,"After this verb, we use a person + ""to do"".","Sau động từ này, chúng ta dùng một người + ""to do"".","Después de este verbo, usamos una persona + ""to do"".","在这个动词之后，我们接某人 + ""to do""。",suggested,proposed,recommended
143,They __________ us to arrive early.,A (told),Unit 15,Reported speech,"After this verb, we use a person + ""to do"".","Sau động từ này, chúng ta dùng một người + ""to do"".","Después de este verbo, usamos una persona + ""to do"".","在这个动词之后，我们接某人 + ""to do""。",said,spoke,say
144,"__________ the weather forecast, it will rain tomorrow.",A (According to),Unit 15,Reported speech,"We use ""according to"" to say where information comes from.","Chúng ta dùng ""according to"" để nói thông tin đến từ đâu.","Usamos ""according to"" para decir de dónde viene la información.","我们使用 ""according to"" 来引出信息的来源。",Regarding,Following,Referring to
145,"__________ the instructions, you must shake the bottle.",A (According to),Unit 15,Reported speech,"We use ""according to"" to say where information comes from.","Chúng ta dùng ""according to"" để nói thông tin đến từ đâu.","Usamos ""according to"" para decir de dónde viene la información.","我们使用 ""according to"" 来引出信息的来源。",Regarding,Following,Referring to
146,"__________ statistics, sales have increased.",A (According to),Unit 15,Reported speech,"We use ""according to"" to say where information comes from.","Chúng ta dùng ""according to"" để nói thông tin đến từ đâu.","Usamos ""according to"" para decir de dónde viene la información.","我们使用 ""according to"" 来引出信息的来源。",Regarding,Following,Referring to
147,He invited __________ the party.,B (me to join),Unit 16,Verb + verb patterns,"After ""invite"", we use a person + ""to do"".","Sau ""invite"", chúng ta dùng một người + ""to do"".","Después de ""invite"", usamos una persona + ""to do"".","在 ""invite"" 之后，我们接某人 + ""to do""。",me joining,that I join,to join
148,She reminded __________ the door.,B (him to lock),Unit 16,Verb + verb patterns,"After ""remind"", we use a person + ""to do"".","Sau ""remind"", chúng ta dùng một người + ""to do"".","Después de ""remind"", usamos una persona + ""to do"".","在 ""remind"" 之后，我们接某人 + ""to do""。",him locking,he lock,to lock
149,We expected __________ better.,A (them to perform),Unit 16,Verb + verb patterns,"After ""expect"", we use a person + ""to do"".","Sau ""expect"", chúng ta dùng một người + ""to do"".","Después de ""expect"", usamos una persona + ""to do"".","在 ""expect"" 之后，我们接某人 + ""to do""。",them performing,that they perform,to perform
150,"If it rains, we __________ the picnic.",B (will cancel),Unit 17,Likelihood based on conditions 1,We use the First Conditional for real possibilities in the future.,Chúng ta dùng câu điều kiện loại 1 cho những khả năng có thực trong tương lai.,Usamos el Primer Condicional para posibilidades reales en el futuro.,我们使用第一条件句来表示将来可能发生的情况。,cancel,canceled,canceling
151,She will be angry if you __________ late.,A (are),Unit 17,Likelihood based on conditions 1,We use the First Conditional for real possibilities in the future.,Chúng ta dùng câu điều kiện loại 1 cho những khả năng có thực trong tương lai.,Usamos el Primer Condicional para posibilidades reales en el futuro.,我们使用第一条件句来表示将来可能发生的情况。,will be,were,had been
152,"If he studies hard, he __________ the exam.",B (will pass),Unit 17,Likelihood based on conditions 1,We use the First Conditional for real possibilities in the future.,Chúng ta dùng câu điều kiện loại 1 cho những khả năng có thực trong tương lai.,Usamos el Primer Condicional para posibilidades reales en el futuro.,我们使用第一条件句来表示将来可能发生的情况。,passes,passed,passing
153,You will fail the test __________ you study.,B (unless),Unit 17,Likelihood based on conditions 1,"""Unless"" means the same as ""if not"".","""Unless"" có nghĩa tương đương với ""if not"" (trừ khi).","""Unless"" significa lo mismo que ""if not"".","""Unless"" 的意思与 ""if not"" 相同。",if,when,provided
154,We cannot enter __________ we have a ticket.,A (unless),Unit 17,Likelihood based on conditions 1,"""Unless"" means the same as ""if not"".","""Unless"" có nghĩa tương đương với ""if not"" (trừ khi).","""Unless"" significa lo mismo que ""if not"".","""Unless"" 的意思与 ""if not"" 相同。",if,when,provided
155,The plant will die __________ you water it.,A (unless),Unit 17,Likelihood based on conditions 1,"""Unless"" means the same as ""if not"".","""Unless"" có nghĩa tương đương với ""if not"" (trừ khi).","""Unless"" significa lo mismo que ""if not"".","""Unless"" 的意思与 ""if not"" 相同。",if,when,provided
156,"If I __________ rich, I would travel the world.",B (were),Unit 18,Likelihood based on conditions 2,We use the Second Conditional for imaginary situations.,Chúng ta dùng câu điều kiện loại 2 cho các tình huống tưởng tượng.,Usamos el Segundo Condicional para situaciones imaginarias.,我们使用第二条件句来表示想象的情况。,am,was,will be
157,I would help you if I __________ the answer.,B (knew),Unit 18,Likelihood based on conditions 2,We use the Second Conditional for imaginary situations.,Chúng ta dùng câu điều kiện loại 2 cho các tình huống tưởng tượng.,Usamos el Segundo Condicional para situaciones imaginarias.,我们使用第二条件句来表示想象的情况。,know,known,had known
158,"If she __________ time, she would join us.",B (had),Unit 18,Likelihood based on conditions 2,We use the Second Conditional for imaginary situations.,Chúng ta dùng câu điều kiện loại 2 cho các tình huống tưởng tượng.,Usamos el Segundo Condicional para situaciones imaginarias.,我们使用第二条件句来表示想象的情况。,has,have,having
159,I wish he __________ talking so loudly.,B (would stop),Unit 18,Likelihood based on conditions 2,"We use ""wish... would"" for annoying habits we want to change.","Chúng ta dùng ""wish... would"" cho những thói quen khó chịu mà ta muốn thay đổi.","Usamos ""wish... would"" para hábitos molestos que queremos cambiar.","我们使用 ""wish... would"" 来表示想要改变的恼人习惯。",stops,will stop,has stopped
160,I wish they __________ make so much noise.,B (wouldn't),Unit 18,Likelihood based on conditions 2,"We use ""wish... wouldn't"" for annoying habits we want to change.","Chúng ta dùng ""wish... wouldn't"" cho những thói quen khó chịu mà ta muốn thay đổi.","Usamos ""wish... wouldn't"" para hábitos molestos que queremos cambiar.","我们使用 ""wish... wouldn't"" 来表示想要改变的恼人习惯。",won't,didn't,don't
161,I wish you __________ interrupt me.,B (wouldn't),Unit 18,Likelihood based on conditions 2,"We use ""wish... wouldn't"" for annoying habits we want to change.","Chúng ta dùng ""wish... wouldn't"" cho những thói quen khó chịu mà ta muốn thay đổi.","Usamos ""wish... wouldn't"" para hábitos molestos que queremos cambiar.","我们使用 ""wish... wouldn't"" 来表示想要改变的恼人习惯。",won't,didn't,don't
162,We are aiming __________ a quick solution.,A (for),Unit 19,Prepositions,"We say ""aim for"" a goal.","Chúng ta nói ""aim for"" một mục tiêu.","Decimos ""aim for"" una meta.","我们用 ""aim for"" 表示设定目标。",to,at,on
163,She apologized __________ her mistake.,A (for),Unit 19,Prepositions,"We say ""apologize for"" a mistake.","Chúng ta nói ""apologize for"" một lỗi lầm.","Decimos ""apologize for"" un error.","我们用 ""apologize for"" 表示为错误道歉。",to,at,on
164,He applied __________ the job.,A (for),Unit 19,Prepositions,"We say ""apply for"" a job.","Chúng ta nói ""apply for"" một công việc.","Decimos ""apply for"" un trabajo.","我们用 ""apply for"" 表示申请工作。",to,at,on
165,I am afraid __________ spiders.,A (of),Unit 19,Prepositions,"We always say ""afraid of"".","Chúng ta luôn nói ""afraid of"".","Siempre decimos ""afraid of"".","我们在 ""afraid"" 后总是接 ""of""。",with,by,at
166,She is capable __________ doing it.,A (of),Unit 19,Prepositions,"We say ""capable of"" doing something.","Chúng ta nói ""capable of"" làm gì đó.","Decimos ""capable of"" hacer algo.","我们用 ""capable of"" 表示有能力做某事。",to,at,with
167,We are proud __________ our achievements.,A (of),Unit 19,Prepositions,"We say ""proud of"" someone or something.","Chúng ta nói ""proud of"" ai đó hoặc cái gì đó.","Decimos ""proud of"" alguien o algo.","我们用 ""proud of"" 表示为某人或某事感到骄傲。",with,by,at
168,The woman __________ called you is here.,B (who),Unit 20,Relative clauses,"We use ""who"" for people.","Chúng ta dùng ""who"" cho người.","Usamos ""who"" para personas.","我们用 ""who"" 指代人。",which,whom,where
169,I met the man __________ wrote the book.,B (who),Unit 20,Relative clauses,"We use ""who"" for people.","Chúng ta dùng ""who"" cho người.","Usamos ""who"" para personas.","我们用 ""who"" 指代人。",which,whom,where
170,Those __________ work hard will succeed.,B (who),Unit 20,Relative clauses,"We use ""who"" for people.","Chúng ta dùng ""who"" cho người.","Usamos ""who"" para personas.","我们用 ""who"" 指代人。",which,whom,where
171,"My car, __________ I bought last year, is broken.",A (which),Unit 20,Relative clauses,"We use ""which"" (not ""that"") directly after a comma for things.","Chúng ta dùng ""which"" (không dùng ""that"") ngay sau dấu phẩy cho sự vật.","Usamos ""which"" (no ""that"") directamente después de una coma para cosas.","我们在逗号后直接使用 ""which""（而不是 ""that""）指代事物。",what,that,this
172,"London, __________ is the capital of UK, is very large.",B (which),Unit 20,Relative clauses,"We use ""which"" (not ""that"") directly after a comma.","Chúng ta dùng ""which"" (không dùng ""that"") ngay sau dấu phẩy.","Usamos ""which"" (no ""that"") directamente después de una coma.","我们在逗号后直接使用 ""which""（而不是 ""that""）。",what,that,this
173,"This painting, __________ was painted in 1900, is valuable.",A (which),Unit 20,Relative clauses,"We use ""which"" (not ""that"") directly after a comma.","Chúng ta dùng ""which"" (không dùng ""that"") ngay sau dấu phẩy.","Usamos ""which"" (no ""that"") directamente después de una coma.","我们在逗号后直接使用 ""which""（而不是 ""that""）。",what,that,this
174,__________ is important to study hard.,C (It),Unit 21,Ways of organising texts,"We use ""It"" to start sentences like this.","Chúng ta dùng ""It"" để bắt đầu những câu như thế này.","Usamos ""It"" para comenzar oraciones como esta.","我们使用 ""It"" 作为这类句子的主语。",There,This,That
175,__________ seems that he is lost.,C (It),Unit 21,Ways of organising texts,"We use ""It"" to start sentences like this.","Chúng ta dùng ""It"" để bắt đầu những câu như thế này.","Usamos ""It"" para comenzar oraciones como esta.","我们使用 ""It"" 作为这类句子的主语。",There,This,That
176,__________ is clear that we have a problem.,B (It),Unit 21,Ways of organising texts,"We use ""It"" to start sentences like this.","Chúng ta dùng ""It"" để bắt đầu những câu như thế này.","Usamos ""It"" para comenzar oraciones como esta.","我们使用 ""It"" 作为这类句子的主语。",There,This,That
177,She decided to leave and __________ a new job.,A (find),Unit 21,Ways of organising texts,"We don't need to repeat ""to"" after ""and"".","Chúng ta không cần lặp lại ""to"" sau ""and"".","No necesitamos repetir ""to"" después de ""and"".","在 ""and"" 之后我们不需要重复 ""to""。",to find,finding,finds
178,We want to eat and __________ fun.,A (have),Unit 21,Ways of organising texts,"We don't need to repeat ""to"" after ""and"".","Chúng ta không cần lặp lại ""to"" sau ""and"".","No necesitamos repetir ""to"" después de ""and"".","在 ""and"" 之后我们不需要重复 ""to""。",to have,having,has
179,He promised to call and __________ me.,A (visit),Unit 21,Ways of organising texts,"We don't need to repeat ""to"" after ""and"".","Chúng ta không cần lặp lại ""to"" sau ""and"".","No necesitamos repetir ""to"" después de ""and"".","在 ""and"" 之后我们不需要重复 ""to""。",to visit,visiting,visits
180,The letter __________ yesterday.,B (was delivered),Unit 22,The passive,We use the Passive Voice when the action is more important than who did it.,Chúng ta dùng câu Bị động khi hành động quan trọng hơn người thực hiện.,Usamos la Voz Pasiva cuando la acción es más importante que quién la hizo.,当动作比动作的执行者更重要时，我们使用被动语态。,delivered,delivers,is delivering
181,This house __________ in 1990.,B (was built),Unit 22,The passive,We use the Passive Voice when the action is more important than who did it.,Chúng ta dùng câu Bị động khi hành động quan trọng hơn người thực hiện.,Usamos la Voz Pasiva cuando la acción es más importante que quién la hizo.,当动作比动作的执行者更重要时，我们使用被动语态。,built,builds,is building
182,The decision __________ last week.,B (was made),Unit 22,The passive,We use the Passive Voice when the action is more important than who did it.,Chúng ta dùng câu Bị động khi hành động quan trọng hơn người thực hiện.,Usamos la Voz Pasiva cuando la acción es más importante que quién la hizo.,当动作比动作的执行者更重要时，我们使用被动语态。,made,makes,is making
183,I need to __________.,B (have my watch repaired),Unit 22,The passive,"We say ""have something done"" when someone else does a service for us.","Chúng ta nói ""have something done"" khi ai đó làm dịch vụ gì đó cho mình.","Decimos ""have something done"" cuando alguien más nos hace un servicio.","当别人为我们提供服务时，我们说 ""have something done""。",repair my watch,my watch repair,repairing my watch
184,She is __________.,B (having her dress cleaned),Unit 22,The passive,"We say ""have something done"" when someone else does a service for us.","Chúng ta nói ""have something done"" khi ai đó làm dịch vụ gì đó cho mình.","Decimos ""have something done"" cuando alguien más nos hace un servicio.","当别人为我们提供服务时，我们说 ""have something done""。",cleaning her dress,her dress clean,clean her dress
185,We are __________.,B (having the house painted),Unit 22,The passive,"We say ""have something done"" when someone else does a service for us.","Chúng ta nói ""have something done"" khi ai đó làm dịch vụ gì đó cho mình.","Decimos ""have something done"" cuando alguien más nos hace un servicio.","当别人为我们提供服务时，我们说 ""have something done""。",painting the house,the house paint,paint the house
186,I went to work __________ I was sick.,A (although),Unit 23,Linking ideas,We use this word to show a contrast or difference.,Chúng ta dùng từ này để thể hiện sự đối lập hoặc khác biệt.,Usamos esta palabra para mostrar un contraste o diferencia.,我们使用这个词来表示对比或差异。,however,despite,but
187,"__________ it was cold, we went swimming.",B (Although),Unit 23,Linking ideas,We use this word to show a contrast or difference.,Chúng ta dùng từ này để thể hiện sự đối lập hoặc khác biệt.,Usamos esta palabra para mostrar un contraste o diferencia.,我们使用这个词来表示对比或差异。,However,Therefore,Despite
188,He failed the exam __________ he studied hard.,B (although),Unit 23,Linking ideas,We use this word to show a contrast or difference.,Chúng ta dùng từ này để thể hiện sự đối lập hoặc khác biệt.,Usamos esta palabra para mostrar un contraste o diferencia.,我们使用这个词来表示对比或差异。,however,despite,but
189,He is intelligent. __________ he is hardworking.,"B (In addition,)",Unit 23,Linking ideas,We use this word to add more information.,Chúng ta dùng từ này để thêm thông tin.,Usamos esta palabra para agregar más información.,我们使用这个词来添加更多信息。,However,Therefore,Despite
190,The hotel is cheap. __________ it is close to the beach.,"B (Furthermore,)",Unit 23,Linking ideas,We use this word to add more information.,Chúng ta dùng từ này để thêm thông tin.,Usamos esta palabra para agregar más información.,我们使用这个词来添加更多信息。,However,Therefore,Despite
191,I like reading. __________ I enjoy hiking.,"B (Moreover,)",Unit 23,Linking ideas,We use this word to add more information.,Chúng ta dùng từ này để thêm thông tin.,Usamos esta palabra para agregar más información.,我们使用这个词来添加更多信息。,However,Therefore,Despite
192,__________ I lost my keys.,A (Unfortunately),Unit 24,Showing your position in a text,We use this word to introduce bad news.,Chúng ta dùng từ này để thông báo tin xấu.,Usamos esta palabra para introducir malas noticias.,我们使用这个词来引出坏消息。,"Frankly,","Ideally,","Especially,"
193,__________ we missed the train.,B (Sadly),Unit 24,Showing your position in a text,We use this word to introduce bad news.,Chúng ta dùng từ này để thông báo tin xấu.,Usamos esta palabra para introducir malas noticias.,我们使用这个词来引出坏消息。,"Frankly,","Ideally,","Especially,"
194,__________ he didn't get the job.,A (Regrettably),Unit 24,Showing your position in a text,We use this word to introduce bad news.,Chúng ta dùng từ này để thông báo tin xấu.,Usamos esta palabra para introducir malas noticias.,我们使用这个词来引出坏消息。,"Frankly,","Ideally,","Especially,"
195,__________ I believe he is right.,"A (Personally,)",Unit 24,Showing your position in a text,We use this word to give our personal opinion.,Chúng ta dùng từ này để đưa ra ý kiến cá nhân.,Usamos esta palabra para dar nuestra opinión personal.,我们使用这个词来表达个人观点。,"Frankly,","Ideally,","Especially,"
196,__________ I don't like it.,"A (Frankly,)",Unit 24,Showing your position in a text,We use this word to give our personal opinion.,Chúng ta dùng từ này để đưa ra ý kiến cá nhân.,Usamos esta palabra para dar nuestra opinión personal.,我们使用这个词来表达个人观点。,"Personally,","Ideally,","Especially,"
197,__________ I prefer tea.,"A (Personally,)",Unit 24,Showing your position in a text,We use this word to give our personal opinion.,Chúng ta dùng từ này để đưa ra ý kiến cá nhân.,Usamos esta palabra para dar nuestra opinión personal.,我们使用这个词来表达个人观点。,"Frankly,","Ideally,","Especially,"
198,The __________ of the sun was beautiful.,B (brightness),Unit 25,Nominalisation in written English,We need a noun (a thing word) here.,Chúng ta cần một danh từ ở đây.,Necesitamos un sustantivo aquí.,我们这里需要一个名词。,bright,brightly,brighten
199,The __________ of the team was important.,A (strength),Unit 25,Nominalisation in written English,We need a noun (a thing word) here.,Chúng ta cần một danh từ ở đây.,Necesitamos un sustantivo aquí.,我们这里需要一个名词。,strong,strongly,strengthen
200,The __________ of the new system caused problems.,B (implementation),Unit 25,Nominalisation in written English,We need a noun (a thing word) here.,Chúng ta cần một danh từ ở đây.,Necesitamos un sustantivo aquí.,我们这里需要一个名词。,implement,implementing,implements
